Наименование вакансии	Зарплата	Наличие тестового задания	Дата публикации	Организация	URL-ссылка
Аналитик/начинающий специалист	40000-None	Нет	03.03.2024	КИК	https://hh.ru/vacancy/94012897
Стажер-аналитик	None-45000	Нет	02.03.2024	Крит	https://hh.ru/vacancy/93739452
Бизнес-аналитик (стажер)	25000-25000	Нет	03.03.2024	Лента, федеральная розничная сеть	https://hh.ru/vacancy/94049527
Аналитик	48000-48000	Нет	01.03.2024	Работут	https://hh.ru/vacancy/94115301
Маркетолог-аналитик	90000-110000	Нет	01.03.2024	Элком	https://hh.ru/vacancy/94119623
Стажер-аналитик	40000-70000	Нет	29.02.2024	Суши Wok	https://hh.ru/vacancy/92400276
Аналитик (начинающий специалист)	50850-None	Нет	01.03.2024	САТУРН - строительные материалы	https://hh.ru/vacancy/88982565
Младший бизнес-аналитик	None	Нет	03.03.2024	Точка Качества	https://hh.ru/vacancy/91293730
Бизнес-аналитик	100000-150000	Нет	02.03.2024	CAPYBARA IT AGENCY	https://hh.ru/vacancy/93136232
Аналитик данных (стажер)	None	Да	02.03.2024	Lesta Games	https://hh.ru/vacancy/92831248
Бизнес-аналитик (стажер)	None	Нет	27.02.2024	Aston	https://hh.ru/vacancy/93886433
Стажер-аналитик 1С	None	Нет	03.03.2024	ПитерСофт	https://hh.ru/vacancy/91855132
Младший бизнес-аналитик	None	Нет	26.02.2024	SGS Vostok Limited	https://hh.ru/vacancy/93256238
Финансовый аналитик	80000-None	Нет	03.03.2024	iSpot	https://hh.ru/vacancy/94049696
Бизнес-аналитик	50000-None	Нет	26.02.2024	АКМЭ сервис	https://hh.ru/vacancy/92149517
Аналитик	None	Нет	01.03.2024	МФ Тариф	https://hh.ru/vacancy/92821874
Бизнес-аналитик	50000-None	Нет	26.02.2024	АКМЭ сервис	https://hh.ru/vacancy/91565025
Аналитик-стажер	40000-70000	Нет	19.02.2024	Сакура	https://hh.ru/vacancy/92400712
Аналитик департамента управления товаром	60000-90000	Нет	19.02.2024	oodji	https://hh.ru/vacancy/90036154
Стажер-аналитик (Модель данных ЦКР)	None-50000	Нет	19.02.2024	СБЕР	https://hh.ru/vacancy/93450031
Аналитик отдела продаж маркетплейсов	30000-60000	Нет	18.02.2024	Евженко Виталий Николаевич	https://hh.ru/vacancy/93409243
Системный аналитик (ученик)	None	Нет	09.02.2024	Aston	https://hh.ru/vacancy/92927465
Аналитик	40000-None	Нет	12.02.2024	Вира-М	https://hh.ru/vacancy/93063521
Младший CRM-аналитик	25000-45000	Нет	12.02.2024	Make Rock	https://hh.ru/vacancy/93068022
Аналитик по корректности данных	None	Нет	09.02.2024	Черкизово, Группа предприятий	https://hh.ru/vacancy/92944277
Стажер-аналитик	None	Нет	08.02.2024	БФТ-Холдинг (Бюджетные и Финансовые Технологии)	https://hh.ru/vacancy/92892336
Аналитик-стажер (коммерческая аналитика/товародвижение)	None	Нет	08.02.2024	Мэлон Фэшн Груп	https://hh.ru/vacancy/92899998
Аналитик в retention	37000-45000	Нет	05.02.2024	Яндекс Команда для бизнеса	https://hh.ru/vacancy/92700661
Аналитик отдела продаж	None	Нет	01.03.2024	ДАЛИМО	https://hh.ru/vacancy/92776528
Аналитик-лингвист (скриптолог)	None	Нет	01.03.2024	KVINT	https://hh.ru/vacancy/90759082
Менеджер по клиентам | Менеджер аналитик онлайн-продуктов	45000-60000	Нет	03.03.2024	Смурфэпп	https://hh.ru/vacancy/93374391
Бизнес-аналитик по описанию процессов	None-120000	Нет	02.03.2024	UDP Auto	https://hh.ru/vacancy/93144962
Бизнес-аналитик 1С (стажер)	70000-80000	Нет	02.03.2024	Aston	https://hh.ru/vacancy/94136216
Бизнес-аналитик/Специалист по внедрению/Стажер в отдел внедрения (Bitrix24, ИТ-компания)	40000-120000	Нет	02.03.2024	Информатика и Сервис	https://hh.ru/vacancy/93438845
Бизнес-аналитик	None	Нет	03.03.2024	Стример, НПО	https://hh.ru/vacancy/93784581
Бизнес аналитик IT продукта	80000-90000	Нет	02.03.2024	Синтека	https://hh.ru/vacancy/91428489
Продуктовый Аналитик	None-310000	Нет	28.02.2024	Offer Now	https://hh.ru/vacancy/92333295
Системный аналитик (стажер)	70000-80000	Нет	28.02.2024	Aston	https://hh.ru/vacancy/93943628
Специалист по аналитике	80500-None	Нет	27.02.2024	Сеть магазинов цифровой и бытовой техники DNS	https://hh.ru/vacancy/93486919
Специалист по аналитике сервиса	80500-None	Нет	27.02.2024	Сеть магазинов цифровой и бытовой техники DNS	https://hh.ru/vacancy/93624229
Бизнес-аналитик	None	Нет	27.02.2024	Employcity	https://hh.ru/vacancy/93892882
Продуктовый аналитик	None	Да	28.02.2024	Газпром нефть	https://hh.ru/vacancy/93947843
Ведущий системный аналитик	350000-None	Нет	26.02.2024	Чижик Николай Евгеньевич	https://hh.ru/vacancy/93822944
Аналитик отдела рисков	None	Нет	26.02.2024	PROFI CREDIT	https://hh.ru/vacancy/93814101
Ведущий аналитик	None-85000	Нет	26.02.2024	Ладога Дистрибьюшен	https://hh.ru/vacancy/93775043
Аналитик (Коммерческая служба)	None	Нет	26.02.2024	SOLOPHARM	https://hh.ru/vacancy/93820723
Аналитик отдела продаж	None	Нет	22.02.2024	ESTEL	https://hh.ru/vacancy/93364412
Junior Product Analyst	None	Нет	22.02.2024	Sputnik8	https://hh.ru/vacancy/93686860
Младший аналитик	None	Нет	21.02.2024	Про Ай-Ти Ресурс	https://hh.ru/vacancy/92684403
Младший программный аналитик / системный аналитик	50000-70000	Нет	20.02.2024	НПО Желдоравтоматизация	https://hh.ru/vacancy/93520957
Web - аналитик	80000-None	Нет	21.02.2024	Ingate	https://hh.ru/vacancy/93615088
Аналитик в группу развития торгового маркетинга	None	Нет	12.02.2024	Объединенные кондитеры	https://hh.ru/vacancy/90141200
Ассистент маркетолога-аналитика	None	Нет	09.02.2024	Максидом	https://hh.ru/vacancy/91484477
Менеджер по работе с конкурентами / Аналитик	70000-None	Нет	07.02.2024	Крупная производственная компания	https://hh.ru/vacancy/92806745
Системный аналитик	35500-150800	Нет	08.02.2024	Команда Ф5	https://hh.ru/vacancy/92889326
Data Analyst	60000-80000	Нет	02.03.2024	LoyaltyPlant	https://hh.ru/vacancy/93990706
Антифрод-аналитик	None	Нет	02.03.2024	Медиапоинт	https://hh.ru/vacancy/93934894
Начинающий специалист/Стажер в IT-компанию/Аналитик Битрикс24 (Удаленно)	30000-100000	Нет	22.02.2024	INVO Group	https://hh.ru/vacancy/93665708
Аналитик данных	None	Нет	19.02.2024	Газпром нефть	https://hh.ru/vacancy/93463080
Бизнес-аналитик	None	Нет	19.02.2024	Газпром нефть	https://hh.ru/vacancy/81922976
Аналитик 1С	130000-130000	Нет	02.03.2024	Лань-Трейд	https://hh.ru/vacancy/93476427
Помощник руководителя сервиса аналитики Wildberries	50000-60000	Нет	29.02.2024	Getdata	https://hh.ru/vacancy/94057315
Аналитик-стажер в департамент мобильных решений	None-45000	Нет	03.03.2024	Крит	https://hh.ru/vacancy/91306973
Экономист-аналитик (строительство)	60000-75000	Нет	01.03.2024	Сан Резиденс Проджект	https://hh.ru/vacancy/92974475
Стажер-аналитик 1С (с обучением)	None	Нет	01.03.2024	СофтБаланс	https://hh.ru/vacancy/92721387
Маркетолог Wildberries, Ozon (удаленно)	100000-150000	Нет	03.03.2024	Кадровый центр Проталанты	https://hh.ru/vacancy/93803241
Стажер в Службу управления мотивацией (направление бюджетирования и аналитики)	34600-34600	Нет	02.03.2024	Лента, федеральная розничная сеть	https://hh.ru/vacancy/93464530
Стажер /младший системный аналитик (отдел внедрения)	45000-None	Нет	02.03.2024	Солантек	https://hh.ru/vacancy/92393925
Специалист по бизнес-процессам / Бизнес-аналитик	None	Нет	02.03.2024	Карекс-Центр, Группа компаний	https://hh.ru/vacancy/93978506
Junior ASO manager	None	Нет	29.02.2024	Мобайл Медиа	https://hh.ru/vacancy/93826628
Аналитик SOC L1	None	Нет	01.03.2024	ГАЗИНФОРМСЕРВИС	https://hh.ru/vacancy/92095603
Аналитик информационно-аналитического отдела	None	Нет	03.03.2024	СПБ ГБУ ГИМЦ ДОСТУПНАЯ СРЕДА	https://hh.ru/vacancy/93525605
Ассистент менеджера по работе с маркетплейсами	55000-None	Нет	03.03.2024	ACG	https://hh.ru/vacancy/94023243
Менеджер по рекламе на Wildberries / Вайлдбериз	90000-150000	Да	02.03.2024	ЭЙЧ ТИ ГРУПП РИТЕЙЛ	https://hh.ru/vacancy/93899984
Маркетолог	90000-None	Нет	01.03.2024	БелАК-Рус	https://hh.ru/vacancy/92749742
Сервисный инженер-стажёр	90000-None	Нет	01.03.2024	Экситон Аналитик	https://hh.ru/vacancy/93287940
Помощник менеджера по работе с маркетплейсами	50000-None	Нет	03.03.2024	Бейбер	https://hh.ru/vacancy/93223368
Менеджер по закупкам и запасам (направление маркетплейсы)	60000-None	Нет	01.03.2024	Торговый Дом Молот	https://hh.ru/vacancy/92791677
Младший менеджер / Помощник менеджера по маркетплейсам OZON	40000-60000	Нет	02.03.2024	Текстильмаркет	https://hh.ru/vacancy/93446025
Руководитель отдела web-аналитики / Head of Analytics	None	Нет	29.02.2024	Realweb	https://hh.ru/vacancy/94040800
Менеджер по работе с маркетплейсами	None	Нет	02.03.2024	REBELGROUP	https://hh.ru/vacancy/93907461
Junior менеджер по оптимизации интернет-рекламы	49000-None	Нет	03.03.2024	Софтвайс	https://hh.ru/vacancy/91281922
Специалист по расчетам	37000-None	Нет	01.03.2024	Яндекс Команда для бизнеса	https://hh.ru/vacancy/92807842
Специалист по внедрению информационных систем	50000-90000	Нет	02.03.2024	САМСОН Групп	https://hh.ru/vacancy/93135824
Трейд-маркетолог	100000-None	Нет	01.03.2024	ESTEL	https://hh.ru/vacancy/93881126
Младший специалист по контентному продвижению	None	Нет	01.03.2024	E-PROMO	https://hh.ru/vacancy/91817252
Специалист по информационной безопасности (Аналитик-Техпис)	None	Нет	01.03.2024	WaveAccess	https://hh.ru/vacancy/93588398
Специалист по рекламе Яндекс Директ / Контекстолог	60000-None	Нет	01.03.2024	РИНФИН-Транспорт	https://hh.ru/vacancy/93612734
Аналитик по подбору персонала	None	Нет	01.03.2024	ANCOR	https://hh.ru/vacancy/94094006
Руководитель отдела продаж в маркетинговое агентство (удаленно)	200100-331800	Нет	03.03.2024	Кутицын Владислав Алексеевич	https://hh.ru/vacancy/93778682
Стажер в отделе маркетинга	30000-None	Нет	02.03.2024	Банда умников	https://hh.ru/vacancy/92836964
Младший аналитик 1С ЗУП	None	Нет	01.03.2024	Мэлон Фэшн Груп	https://hh.ru/vacancy/90327225
PPC специалист на удаленке на Full Time	30000-40000	Нет	02.03.2024	Listid	https://hh.ru/vacancy/93685509
Стажер-консультант (ПО для финансового учета)	None	Нет	01.03.2024	СофтБаланс	https://hh.ru/vacancy/94108876
Sales manager (marketing)	80000-None	Нет	02.03.2024	Группа БАС	https://hh.ru/vacancy/90059684
Junior-разработчик	60000-None	Нет	01.03.2024	Планетра	https://hh.ru/vacancy/94114982
Начинающий Маркетолог	50000-None	Нет	02.03.2024	Невская бумага	https://hh.ru/vacancy/93972364
Стажер аналитик-проектировщик (удаленно)	None	Да	29.02.2024	Финансовые Информационные Системы	https://hh.ru/vacancy/91638806
Интернет-маркетолог	55000-None	Нет	03.03.2024	ГЛАВНЫЙ ЭЛЕМЕНТ СПБ	https://hh.ru/vacancy/92886780
Ревизор-аналитик	96200-None	Нет	29.02.2024	МАГНИТ, Розничная сеть	https://hh.ru/vacancy/93431963
Менеджер по продажам (Обработчик схемного трафика)	100000-500000	Нет	03.03.2024	Гаврилов Кирилл Викторович	https://hh.ru/vacancy/93230376
Финансовый менеджер	70000-None	Нет	02.03.2024	ИнКомПро	https://hh.ru/vacancy/93494158
Младший аналитик 1С	60000-None	Нет	29.02.2024	КомпасЛидера	https://hh.ru/vacancy/93581450
Директолог	None-60000	Нет	29.02.2024	Яндекс Крауд	https://hh.ru/vacancy/91318425
Руководитель отдела продаж/Коммерческий директор B2B	180000-350000	Нет	03.03.2024	РМ-стил	https://hh.ru/vacancy/92867434
Стажер в отдел снабжения	None	Нет	01.03.2024	Герофарм	https://hh.ru/vacancy/94108370
Интернет-маркетолог (офис)	80000-None	Нет	01.03.2024	Материк	https://hh.ru/vacancy/83302145
Руководитель отдела продаж (удаленно)	125000-None	Нет	29.02.2024	Альтасеилс	https://hh.ru/vacancy/91680590
Комьюнити-менеджер	80000-None	Нет	03.03.2024	Инфостарт	https://hh.ru/vacancy/92599119
Руководитель отдела маркетинга, рекламы и PR	130000-None	Нет	03.03.2024	DELASIA	https://hh.ru/vacancy/93516513
Маркетолог	60000-None	Нет	01.03.2024	Assino, Группа компаний	https://hh.ru/vacancy/92776995
Менеджер по работе с блогерами (удаленная работа)	20000-55000	Нет	01.03.2024	Перфлюенс	https://hh.ru/vacancy/89130174
Специалист по рекламе и PR	70000-None	Нет	02.03.2024	ЭВС	https://hh.ru/vacancy/93493463
Менеджер по работе с блогерами	None	Нет	03.03.2024	Holaf	https://hh.ru/vacancy/94041379
Менеджер по закупкам и логистике	50000-90000	Нет	02.03.2024	Торговый дом Выгода	https://hh.ru/vacancy/93968978
Менеджер по продажам B2B (digital, удаленно, стажер)	70000-None	Нет	01.03.2024	Мартынов Даниил Юрьевич	https://hh.ru/vacancy/93038243
Специалист по контекстной рекламе (Контекстолог)	None-80000	Нет	29.02.2024	Hooglink.com	https://hh.ru/vacancy/94053045
Специалист технической поддержки	60000-60000	Нет	02.03.2024	Сатурн М	https://hh.ru/vacancy/92840867
Smm-специалист / менеджер по закупке рекламы	60000-100000	Нет	29.02.2024	Горбилет	https://hh.ru/vacancy/91673357
Младший маркетолог	45000-60000	Нет	01.03.2024	Assino, Группа компаний	https://hh.ru/vacancy/93073872
Стажер-программист 1С	50000-None	Нет	01.03.2024	SYDENHAM	https://hh.ru/vacancy/93885372
Администратор департамента продаж	None	Нет	01.03.2024	Бэйби Опт Груп	https://hh.ru/vacancy/91933441
Младший менеджер по работе с блогерами	65000-None	Нет	02.03.2024	РБХ	https://hh.ru/vacancy/93970263
Руководитель группы операторов	70000-200000	Нет	02.03.2024	Тэлбокс	https://hh.ru/vacancy/91877359
Junior рекрутер	None	Нет	03.03.2024	Beget	https://hh.ru/vacancy/93781909
Аналитик по видеонаблюдению	50000-55000	Нет	29.02.2024	Группа компаний PACK&FLY	https://hh.ru/vacancy/91716677
Ассистент отдела закупок с перспективой карьерного роста.	60000-None	Нет	03.03.2024	Товарный дефицит	https://hh.ru/vacancy/91284173
Менеджер по продажам B2B (digital, удаленно)	110000-None	Нет	01.03.2024	Мартынов Даниил Юрьевич	https://hh.ru/vacancy/93038244
Junior Influence manager	None	Нет	01.03.2024	HuntIT	https://hh.ru/vacancy/94094633
Специалист по таргетированной рекламе	80000-None	Нет	01.03.2024	Максимум, Автомобильный холдинг	https://hh.ru/vacancy/94076582
Ассистент руководителя (удаленно, помощник/project manager)	25000-30000	Нет	01.03.2024	Getassistant	https://hh.ru/vacancy/94125738
IT Рекрутер (Стажер)	20000-30000	Нет	01.03.2024	Цифроматика	https://hh.ru/vacancy/94113740
Координатор отдела продаж	60000-60000	Нет	03.03.2024	Энерго	https://hh.ru/vacancy/93542323
Ассистент отдела закупок	60000-None	Нет	29.02.2024	Петрович, Строительный Торговый Дом	https://hh.ru/vacancy/94043444
Специалист технической поддержки	65000-None	Нет	01.03.2024	ГТК Групп	https://hh.ru/vacancy/92962178
SMM-менеджер	50000-None	Нет	03.03.2024	Авангард Оценочная компания	https://hh.ru/vacancy/92888899
Эколог в лабораторию (протоколист)	None	Нет	01.03.2024	АСТ-Аналитика	https://hh.ru/vacancy/94124618
Региональный менеджер по продажам / Специалист по тендерам / Менеджер по тендерным продажам	60000-200000	Нет	02.03.2024	Страел	https://hh.ru/vacancy/93978246
Помощник руководителя/Специалист отдела продаж	50000-None	Нет	01.03.2024	Инженерная компания 555	https://hh.ru/vacancy/93798209
Менеджер отдела поддержки клиентов	25000-38500	Нет	01.03.2024	GameSport	https://hh.ru/vacancy/92975706
Ведущий менеджер отдела продаж	100000-None	Нет	01.03.2024	Альфа	https://hh.ru/vacancy/92746771
Специалист по закупкам	65000-80000	Нет	03.03.2024	КЕЙС ПЛЭЙС	https://hh.ru/vacancy/93466313
Менеджер по продажам (удаленно)	100000-200000	Нет	01.03.2024	БИГ ДАТА	https://hh.ru/vacancy/90990274
"Ассистент отдела закупок направления ""Спецодежда и СИЗ"""	60000-None	Нет	01.03.2024	Петрович, Строительный Торговый Дом	https://hh.ru/vacancy/91292875
Менеджер в отдел снабжения/Закупщик	80000-None	Нет	02.03.2024	FL Haus	https://hh.ru/vacancy/93445958
Менеджер по региональным продажам	120000-None	Нет	03.03.2024	ТД Гелиос	https://hh.ru/vacancy/92899487
Менеджер по продажам	130000-None	Нет	03.03.2024	Правовая Защита и Помощь	https://hh.ru/vacancy/92707381
Менеджер по оптовым продажам военной экипировки	75000-300000	Нет	01.03.2024	Фортхан	https://hh.ru/vacancy/91707752
Ассистент отдела продаж	60000-80000	Нет	01.03.2024	Ижица	https://hh.ru/vacancy/94085855
HR Менеджер	50000-None	Нет	01.03.2024	Самолет Плюс (ИП Исайченков Алексей Владимирович)	https://hh.ru/vacancy/94079497
Менеджер по продажам СИЗ	150000-None	Нет	02.03.2024	Фокси-Главс	https://hh.ru/vacancy/93154048
Менеджер по подбору и адаптации персонала	80000-None	Нет	01.03.2024	Фармпроект	https://hh.ru/vacancy/94100195
Помощник менеджера по продажам	None	Нет	03.03.2024	Карьер-Сервис	https://hh.ru/vacancy/77656920
Менеджер по работе с сетевыми клиентами	100000-None	Нет	02.03.2024	Торговый Дом Эдельвейс	https://hh.ru/vacancy/93476303
Менеджер по продажам медицинского оборудования	75000-300000	Нет	02.03.2024	БиоМедГрупп	https://hh.ru/vacancy/91429286
Менеджер по продажам автошин	150000-None	Нет	02.03.2024	Фэнхуэн	https://hh.ru/vacancy/93154086
Менеджер по сопровождению клиентов	60000-None	Нет	01.03.2024	Ивановский кабельный завод	https://hh.ru/vacancy/92955418
Менеджер по работе с корпоративными клиентами	50000-None	Нет	02.03.2024	Компания ВендерХаус	https://hh.ru/vacancy/92827744
Менеджер по продажам	50000-150000	Нет	03.03.2024	Магистраль	https://hh.ru/vacancy/93772999
Руководитель отдела продаж	None	Нет	03.03.2024	МДМ АТЛАНТ	https://hh.ru/vacancy/93820383
Менеджер по продажам Хорека / HoReCa	60000-170000	Нет	01.03.2024	ФРУТЭКО-СПБ	https://hh.ru/vacancy/92766113
Торговый представитель/HoReCa	50000-150000	Нет	02.03.2024	София	https://hh.ru/vacancy/93336690
Руководитель маркетинговых проектов	None	Нет	29.02.2024	Компания ФАКТ	https://hh.ru/vacancy/91396042
Ведущий менеджер по оптовым продажам	150000-None	Нет	03.03.2024	Терабазис	https://hh.ru/vacancy/93764439
Агент по недвижимости	300000-None	Нет	01.03.2024	Кушнер Эстейт	https://hh.ru/vacancy/91658699
Удаленный менеджер по продажам загородной элитной недвижимости	None-1000000	Нет	01.03.2024	PUZZLE Realty	https://hh.ru/vacancy/94126020
Ассистент по ведению делопроизводства	40000-None	Нет	01.03.2024	ЮСК Групп Юридические решения	https://hh.ru/vacancy/93282328
Оператор-аналитик видеонаблюдения	40000-None	Нет	01.03.2024	Агентство Занятости Населения Центрального района г. Санкт-Петербурга	https://hh.ru/vacancy/86966239
Менеджер по персоналу	None-56000	Нет	02.03.2024	Завод АТИ	https://hh.ru/vacancy/93137518
Руководитель отдела рекрутинга	None	Нет	29.02.2024	Слетать.ру	https://hh.ru/vacancy/94038352
Бухгалтер по учету банковских операций	63000-73000	Нет	02.03.2024	Sungwoo Hitech	https://hh.ru/vacancy/93156460
Менеджер по сопровождению клиентов	120000-250000	Нет	02.03.2024	ЕЦН ТРЕНД	https://hh.ru/vacancy/77060027
Менеджер по продажам	80000-150000	Нет	29.02.2024	Клинкер Пром	https://hh.ru/vacancy/94049564
Менеджер по продажам с перспективой роста до РОПа	None	Нет	28.02.2024	Aromatopia	https://hh.ru/vacancy/93928528
Супергерой в службу поддержки Яндекс Плюса	30000-None	Нет	01.03.2024	Яндекс Крауд	https://hh.ru/vacancy/80149884
Ночной специалист клиентского сервиса в Службу Заботы	None-55000	Нет	01.03.2024	Группа компаний eLama	https://hh.ru/vacancy/82545821
Агент - стажер по продаже недвижимости	100000-300000	Нет	02.03.2024	Самолет Плюс (ООО Аэропорт)	https://hh.ru/vacancy/93971892
Специалист клиентского сервиса (Служба Заботы)	None-47000	Нет	03.03.2024	Группа компаний eLama	https://hh.ru/vacancy/75341031
Программист QT / C++	60000-None	Нет	01.03.2024	НПО Колибри	https://hh.ru/vacancy/86273420
Заместитель руководителя / Товаровед в группу открытия магазинов	55000-75000	Нет	02.03.2024	Градусы	https://hh.ru/vacancy/93665602
Бухгалтер по учету подотчетных средств	62400-75400	Нет	01.03.2024	НПО Завод Волна	https://hh.ru/vacancy/92702738
Территориальный менеджер	130000-None	Нет	29.02.2024	ТД ГраСС	https://hh.ru/vacancy/94006939
Бизнес-ассистент (стажер)	10000-30000	Нет	25.02.2024	Рекруто	https://hh.ru/vacancy/93743386
Middle Linux administrator	None	Нет	03.03.2024	iFuture	https://hh.ru/vacancy/93811754
Менеджер по продажам / агент по недвижимости (стажер)	100000-450000	Нет	03.03.2024	ЕЦН ТРЕНД	https://hh.ru/vacancy/54468127
Руководитель отдела разработки	None-750000	Нет	29.02.2024	Offer Now	https://hh.ru/vacancy/94012703
Офис-менеджер	50000-70000	Нет	01.03.2024	ДВсепт	https://hh.ru/vacancy/94100607
Менеджер по продаже растений	None	Нет	01.03.2024	Принцип NOVO	https://hh.ru/vacancy/93257825
Администратор загородного отеля/Личный помощник руководителя	40000-120000	Нет	02.03.2024	Парк-отель Хутор Ярви	https://hh.ru/vacancy/92851835
Менеджер по продажам в студию растяжки и балета Levita	60000-None	Нет	01.03.2024	Levita	https://hh.ru/vacancy/94102273
Администратор	40000-None	Нет	02.03.2024	Школа Бенуа Оккервиль (ИП Соловьева Екатерина Викторовна)	https://hh.ru/vacancy/93936915
Администратор	40000-None	Нет	02.03.2024	Школа Бенуа на Васильевском	https://hh.ru/vacancy/93934413
CRM маркетолог	None	Нет	28.02.2024	Премьер Консалт	https://hh.ru/vacancy/92786230
Торговый представитель по сетям (Приморскийн р-н)	92000-None	Нет	29.02.2024	БКК Коломенский	https://hh.ru/vacancy/94005876
Старший кассир в ресторанный проект Фуд Парк (ТЦ Меркурий, м Беговая)	60000-None	Нет	01.03.2024	Ginza Project	https://hh.ru/vacancy/93050670
Аналитик по дебиторской задолженности	None-58500	Нет	28.02.2024	Единый информационно-расчетный центр Санкт-Петербурга	https://hh.ru/vacancy/92717006
Специалист 1 разряда отдела кассового обслуживания исполнения бюджетов	40000-45000	Нет	22.02.2024	УФК по Ленинградской области	https://hh.ru/vacancy/93644249
Продавец-кассир (ТЦ Рио)	60000-None	Нет	29.02.2024	COZY HOME	https://hh.ru/vacancy/94041876
Продавец - кассир (м. Проспект Просвещения Энгельса, 132)	63500-69000	Нет	01.03.2024	Бристоль, сеть магазинов	https://hh.ru/vacancy/94114245
Менеджер отдела продаж B2B (Удалённо)	70000-93000	Нет	21.02.2024	Рекруто	https://hh.ru/vacancy/93592635
Координатор технической поддержки	None-70000	Нет	28.02.2024	Омега Технологии будущего	https://hh.ru/vacancy/93059840
Химик-аналитик	60000-None	Нет	28.02.2024	Фармпроект	https://hh.ru/vacancy/87704531
Младший менеджер по логистике	None-70000	Нет	28.02.2024	Деловые Линии	https://hh.ru/vacancy/92271529
Администратор отдела продаж	80000-None	Нет	20.02.2024	JobStarter	https://hh.ru/vacancy/92775884
Диспетчер/оператор службы поддержки (на телефоне)	30000-35000	Нет	22.02.2024	Феникс	https://hh.ru/vacancy/93643790
Контент-менеджер/Администратор сайта (копирайтер)	80000-None	Нет	28.02.2024	Пилот-Мото	https://hh.ru/vacancy/93923829
Продавец - кассир Среднеохтинский проспект	63500-69000	Нет	26.02.2024	Бристоль, сеть магазинов	https://hh.ru/vacancy/93793358
Продавец - кассир (Кировский район)	63500-69000	Нет	26.02.2024	Бристоль, сеть магазинов	https://hh.ru/vacancy/92382254
Менеджер по подбору персонала	30000-150000	Нет	28.02.2024	Альянс Групп	https://hh.ru/vacancy/93936625
Лид-менеджер	40000-70000	Нет	16.02.2024	Первый Бит	https://hh.ru/vacancy/93319484
Системный аналитик (стажёр)	None	Нет	27.02.2024	CSI (Кристалл Сервис Интеграция)	https://hh.ru/vacancy/93846219
Операционист / Оператор 1С	52000-70000	Нет	28.02.2024	САТУРН - строительные материалы	https://hh.ru/vacancy/85871219
Консультант-аналитик (стажер) по внедрению/сопровождению MS Dynamics Ax (Axapta)	50000-None	Нет	27.02.2024	ВитаСофт	https://hh.ru/vacancy/93866123
Менеджер по продажам ИТ-проектов (B2B)	70000-None	Нет	14.02.2024	Первый Бит	https://hh.ru/vacancy/93233571
Менеджер по продаже новой дорожно-строительной техники	150000-None	Нет	28.02.2024	ГК ТЕХПОРТАВТОСЕРВИС	https://hh.ru/vacancy/91814461
Специалист в отдел маркетинговых исследований и аналитики	45000-None	Нет	27.02.2024	ЭдПро	https://hh.ru/vacancy/93848389
Математик / физик (младший аналитик строительных проектов компании/ученик)	80000-None	Нет	27.02.2024	НАО ИРМАСТ-ХОЛДИНГ	https://hh.ru/vacancy/92940884
Главный специалист консолидации отчетности	None	Нет	27.02.2024	Газпром нефть	https://hh.ru/vacancy/88657271
Стажер-технический писатель	None	Да	27.02.2024	СБЕР	https://hh.ru/vacancy/93870551
Координатор отдела продаж	None-48400	Нет	27.02.2024	Объединенные кондитеры	https://hh.ru/vacancy/88590224
Project Менеджер (стажер) в Only	30000-None	Нет	27.02.2024	Онли	https://hh.ru/vacancy/92339962
Младший аналитик СМИ и социальных медиа (удаленно)	None	Нет	27.02.2024	Агентство «Инсайт»	https://hh.ru/vacancy/93848034
Продавец - кассир ЖК Зеленый квартал	61300-67000	Нет	20.02.2024	Бристоль, сеть магазинов	https://hh.ru/vacancy/93552219
Менеджер По Продажам| Много Горячих Клиентов | Наставничество |	500000-None	Нет	27.02.2024	Элитный Сочи	https://hh.ru/vacancy/71621221
Мерчендайзер (м. Московская)	None	Нет	13.02.2024	Шишкин Лес Холдинг	https://hh.ru/vacancy/93129170
Мерчендайзер (м. Дыбенко)	None	Нет	13.02.2024	Шишкин Лес Холдинг	https://hh.ru/vacancy/93127787
Мерчендайзер (м. Рыбацкое)	None	Нет	13.02.2024	Шишкин Лес Холдинг	https://hh.ru/vacancy/93128811
Младший менеджер по продажам (IT)	50000-70000	Нет	27.02.2024	Первый Бит	https://hh.ru/vacancy/89323421
Стажер отдела персонала / HR Intern	None	Нет	27.02.2024	Unilever	https://hh.ru/vacancy/93853469
Мерчендайзер (м. Ладожская)	None	Нет	13.02.2024	Шишкин Лес Холдинг	https://hh.ru/vacancy/93128604
Специалист по выкупу автомобилей с пробегом	200000-None	Нет	27.02.2024	Восток-Авто Жукова	https://hh.ru/vacancy/84847548
Специалист технической поддержки	None	Нет	06.02.2024	АЛЬЯНС КРЕДИТ	https://hh.ru/vacancy/92776028
Менеджер по продажам (IT)	None	Нет	27.02.2024	Первый Бит	https://hh.ru/vacancy/88534498
Младший аналитик	None	Нет	26.02.2024	НПК КАТАРСИС	https://hh.ru/vacancy/71903031
Агент по продажам	50000-110000	Нет	09.02.2024	Агентство мерчандайзинга АСМ	https://hh.ru/vacancy/92963173
Менеджер по работе с маркетплейсами в офис /начинающий специалист	60000-None	Нет	26.02.2024	АРЕС	https://hh.ru/vacancy/91836797
Менеджер по работе с клиентами (удаленно)	60000-80000	Нет	27.02.2024	Компания БКС	https://hh.ru/vacancy/93839925
Secondary Markets Analyst	None	Нет	26.02.2024	Контакт	https://hh.ru/vacancy/91494549
Менеджер маркетплейсов по продаже зоотоваров	None-70000	Нет	26.02.2024	KUPI-KORM	https://hh.ru/vacancy/93808509
Специалист по контекстной рекламе в Директ	None-60000	Нет	26.02.2024	Яндекс Крауд	https://hh.ru/vacancy/91316124
Координатор отдела продаж (аналитик), Парголово	55000-None	Нет	26.02.2024	ГК ТЕХПОРТАВТОСЕРВИС	https://hh.ru/vacancy/90907211
Менеджер по продажам на маркетплейсах (направление текстиль)	80000-None	Нет	26.02.2024	ТАЙПИТ, Торгово-промышленная группа	https://hh.ru/vacancy/92872749
Менеджер маркетплейсов	90000-None	Нет	25.02.2024	Рекруто	https://hh.ru/vacancy/93746604
Media buyer / FB	40000-600000	Нет	01.03.2024	Арбитраж Трафика	https://hh.ru/vacancy/93634521
Менеджер по сопровождению проектов	80000-150000	Нет	26.02.2024	Эталон Инжиниринг	https://hh.ru/vacancy/91887207
Разработчик 1С	None	Нет	26.02.2024	Банк Санкт-Петербург	https://hh.ru/vacancy/93820618
Специалист по сопровождению научной деятельности в сфере клинической психологии	40000-120000	Нет	26.02.2024	Научно - Инновационный Институт Профессиональной Переподготовки и Повышения Квалификации	https://hh.ru/vacancy/93807183
Специалист отдела подготовки лотов и формирования заявок на закупку	None	Нет	26.02.2024	ТИТАН-2, холдинг	https://hh.ru/vacancy/92458567
Менеджер по продажам мебели	60000-None	Нет	03.02.2024	Валант	https://hh.ru/vacancy/92635381
Менеджер по подбору персонала / рекрутер (ученик, удаленно)	50000-None	Нет	26.02.2024	АРЕС	https://hh.ru/vacancy/93212343
Продавец - кассир (ул. Туристская, 30)	61300-69000	Нет	06.02.2024	Бристоль, сеть магазинов	https://hh.ru/vacancy/92748529
Менеджер по подбору персонала / рекрутер (удаленно)	None	Нет	26.02.2024	ГК КАРЕЛКАМЕНЬ	https://hh.ru/vacancy/93799284
Администратор проектов	None	Нет	25.02.2024	Diasoft	https://hh.ru/vacancy/92759690
Менеджер по подбору персонала	None-69000	Нет	26.02.2024	Управляющая компания Опека	https://hh.ru/vacancy/93525106
Стажер на производство	None	Нет	26.02.2024	Unilever	https://hh.ru/vacancy/93594320
С# Senior	250000-None	Нет	25.02.2024	Рекруто	https://hh.ru/vacancy/93734486
Бизнес-ассистент руководителя на Wildberries	20000-40000	Да	03.03.2024	Бабиченко Наталья Степановна	https://hh.ru/vacancy/92676181
Младший системный аналитик	None	Нет	23.02.2024	ЦИФРА	https://hh.ru/vacancy/92286539
Junior Analyst (Customer Support Team)	None	Нет	22.02.2024	Sputnik8	https://hh.ru/vacancy/93687259
Контент-менеджер социальных сетей с разными гео в маркетинговую (медиабайнг) команду	40000-None	Нет	23.02.2024	Горизонт	https://hh.ru/vacancy/93702411
Аналитик по работе с ключевыми каналами продаж	None	Нет	22.02.2024	ANCOR	https://hh.ru/vacancy/93659202
Стажер в направление исследовательских проектов	30000-30000	Нет	22.02.2024	uForce	https://hh.ru/vacancy/93676941
Стажер/аналитик	35000-35000	Нет	22.02.2024	Судоходная компания Волжское пароходство	https://hh.ru/vacancy/92740992
Менеджер по маркетплейсам	60000-None	Нет	22.02.2024	MARSHALL	https://hh.ru/vacancy/93674571
Специалист отдела аналитики и развития	45000-65000	Нет	22.02.2024	СПб ГБУ Центр оздоровления и отдыха Молодежный	https://hh.ru/vacancy/91084555
CRM маркетолог / CRM маркетинг менеджер в Яндекс.Доставку	None	Нет	22.02.2024	Яндекс	https://hh.ru/vacancy/93686817
Junior SQL developer	50000-None	Нет	22.02.2024	Devim	https://hh.ru/vacancy/93662171
Стажёр Системный Аналитик / System Analyst	None	Нет	21.02.2024	ИНФИНАЙТ СИНЕРДЖИ	https://hh.ru/vacancy/93626348
Таргетолог Telegram Ads (Manager TG Ads)	25000-None	Нет	22.02.2024	Плугарь Максим Андреевич	https://hh.ru/vacancy/93658195
HR-бизнес-партнер	110000-None	Нет	22.02.2024	Рекруто	https://hh.ru/vacancy/93683616
Аккаунт-менеджер в IT (Повторные продажи, менеджер по работе с действующими клиентами)	60000-120000	Нет	22.02.2024	INVO Group	https://hh.ru/vacancy/93665589
Junior IT Recruiter/Sourcer	None	Нет	22.02.2024	Газпром нефть	https://hh.ru/vacancy/93663195
Младший программист 1С (Junior)	None-50000	Нет	22.02.2024	Внедренцы и Программисты	https://hh.ru/vacancy/92126290
HR менеджер	55000-None	Нет	22.02.2024	Монополия	https://hh.ru/vacancy/93656946
Личный ассистент / помощник руководителя	None	Нет	22.02.2024	Сев-Зап Ресурс	https://hh.ru/vacancy/92095403
Аналитик-консультант 1С:ERP (регламентированный и управленческий учет)	200000-None	Нет	21.02.2024	КОНФЛЕКС СПб	https://hh.ru/vacancy/93583287
Стажёр QA	None	Нет	21.02.2024	ИНФИНАЙТ СИНЕРДЖИ	https://hh.ru/vacancy/93626500
Координатор отдела	None-70000	Нет	21.02.2024	Классик	https://hh.ru/vacancy/93202125
Начинающий менеджер по работе с клиентами (IT продукт)	45000-90000	Нет	21.02.2024	Первый Бит	https://hh.ru/vacancy/82563928
Стажёр Java Разработчик \ Java Developer	None	Нет	21.02.2024	ИНФИНАЙТ СИНЕРДЖИ	https://hh.ru/vacancy/93626683
Технолог-аналитик / Младший аналитик	60000-None	Нет	20.02.2024	Сириус	https://hh.ru/vacancy/91377818
Product Owner «АРМ Менеджера»	200000-None	Нет	20.02.2024	Алабуга, ОЭЗ ППТ	https://hh.ru/vacancy/92081709
IT Customer Support Specialist (Junior)	None	Да	21.02.2024	Evercode Lab	https://hh.ru/vacancy/92278853
Начинающий account manager (IT-продукт)	None	Нет	21.02.2024	Первый Бит	https://hh.ru/vacancy/87412974
Digital-маркетолог	None-130000	Нет	20.02.2024	Введенский, Отель	https://hh.ru/vacancy/93302958
Стажёр React Разработчик / React Developer	None	Нет	21.02.2024	ИНФИНАЙТ СИНЕРДЖИ	https://hh.ru/vacancy/93626815
Специалист по подбору персонала	55000-None	Нет	21.02.2024	Монополия	https://hh.ru/vacancy/92215203
Стажер/Специалист, Группа по совершенствованию налоговой функции (Tax Performance Advisory)	None	Нет	20.02.2024	Б1 (B1)	https://hh.ru/vacancy/92272960
Системный аналитик/стажер	None	Нет	19.02.2024	Газпром нефть	https://hh.ru/vacancy/93461073
Специалист по рекламе и PR	100000-None	Нет	20.02.2024	Рекруто	https://hh.ru/vacancy/93551975
Ассистент отдела закупок	60000-None	Нет	20.02.2024	Петрович, Строительный Торговый Дом	https://hh.ru/vacancy/87680363
Стажер - системный аналитик (команда ЕРМ)	None-50000	Нет	19.02.2024	СБЕР	https://hh.ru/vacancy/93447915
Менеджер по продажам металлопроката	70000-250000	Нет	21.02.2024	Асталита	https://hh.ru/vacancy/92172790
Научный сотрудник (Группа получения и аттестации клеточных линий)	None	Нет	21.02.2024	БИОКАД, биотехнологическая компания	https://hh.ru/vacancy/88959122
Специалист по документообороту	70000-None	Нет	20.02.2024	Стройгазсервис	https://hh.ru/vacancy/93561112
Бизнес-аналитик 1С	None	Нет	19.02.2024	Газпром нефть	https://hh.ru/vacancy/80597746
Заместитель руководителя Wildberries	60000-70000	Нет	19.02.2024	Septivit	https://hh.ru/vacancy/93492186
Ассистент отдела персонала	48000-48000	Нет	20.02.2024	Петрович, Строительный Торговый Дом	https://hh.ru/vacancy/92751525
Экономист (отдел консолидированной отчетности, бюджетирования и методологии)	None	Нет	19.02.2024	Деловые Линии	https://hh.ru/vacancy/93461485
SMM-менеджер, удаленно	None-15000	Нет	20.02.2024	TOMEOW.RU	https://hh.ru/vacancy/93540933
No-code разработчик (без опыта)	60000-None	Нет	19.02.2024	Планетра	https://hh.ru/vacancy/93480548
Ассистент отдела маркетинга	None-40000	Нет	19.02.2024	Онлайн-институт Smart	https://hh.ru/vacancy/93447905
Менеджер в ITMO.STORE	None	Нет	20.02.2024	Университет ИТМО	https://hh.ru/vacancy/92749234
Ведущий специалист по сервисному обслуживанию	60000-90000	Нет	20.02.2024	Хеликс, лабораторная служба	https://hh.ru/vacancy/93520671
Младший менеджер по работе с клиентами	50000-70000	Нет	19.02.2024	MARSHALL	https://hh.ru/vacancy/92199355
Специалист поддержки Яндекс Игр в соцсетях	None	Нет	19.02.2024	Яндекс Крауд	https://hh.ru/vacancy/93491852
Инспектор по сбору информации (аудитор)	None	Нет	19.02.2024	NielsenIQ	https://hh.ru/vacancy/93443175
Стажёр в команду подбора персонала	None	Нет	19.02.2024	Технологии Доверия	https://hh.ru/vacancy/92112954
Ассистент HR-менеджера	None	Нет	19.02.2024	Realweb	https://hh.ru/vacancy/93460156
Специалист колл-центра Яндекс Бизнеса	25000-None	Нет	20.02.2024	Яндекс Крауд	https://hh.ru/vacancy/86289705
Regional Channels Specialist/Аналитик по работе с ключевыми каналами продаж	None	Нет	17.02.2024	JTI	https://hh.ru/vacancy/90834066
Начинающий специалист по контекстной рекламе	None	Нет	18.02.2024	E-PROMO	https://hh.ru/vacancy/91925878
Администратор магазина	70000-100000	Нет	19.02.2024	Управдом	https://hh.ru/vacancy/93479617
Инженер по вещанию	None	Нет	19.02.2024	Триколор	https://hh.ru/vacancy/91986499
Помощник менеджера маркет-плейсов wildberries ozon яндекс	50000-None	Нет	17.02.2024	ТортДеко	https://hh.ru/vacancy/93394850
Специалист по кадровому администрированию	70000-70000	Нет	19.02.2024	Мой медицинский центр	https://hh.ru/vacancy/91994834
Младший аналитик 1С	None	Нет	16.02.2024	СофтБаланс	https://hh.ru/vacancy/85711247
Data analyst	300000-350000	Нет	16.02.2024	АйТиКвик	https://hh.ru/vacancy/93348304
Бизнес-аналитик Directum RX	None-150000	Нет	16.02.2024	Алиал Групп	https://hh.ru/vacancy/93326245
Маркетолог	70000-None	Нет	16.02.2024	Перинт	https://hh.ru/vacancy/93154883
Менеджер интернет-проектов	None	Нет	16.02.2024	ФСК Северо-Запад	https://hh.ru/vacancy/92937060
Менеджер по работе с маркетплейсам Ozon, Wildberries	60000-120000	Нет	15.02.2024	БлокСПб	https://hh.ru/vacancy/93291439
Программист-стажер 1С	30000-None	Нет	16.02.2024	СофтБаланс	https://hh.ru/vacancy/75909592
Брокер по Элитной Недвижимости	500000-6000000	Нет	16.02.2024	Элитный Сочи	https://hh.ru/vacancy/93333235
Стажер-аналитик (консалтинг)	None	Нет	14.02.2024	Газпром нефть	https://hh.ru/vacancy/92908557
Консультант 1С Управление холдингом (сопровождение)	None	Нет	15.02.2024	ALP GROUP	https://hh.ru/vacancy/93290320
Менеджер по развитию клиентов в IT-компании (junior account manager)	45000-75000	Нет	15.02.2024	Первый Бит	https://hh.ru/vacancy/93306231
Менеджер по работе с федеральными сетями	80000-110000	Нет	15.02.2024	АЙСБЕРРИ	https://hh.ru/vacancy/93262072
Ассистент отдела аккаунтов	55000-None	Нет	14.02.2024	AGM group	https://hh.ru/vacancy/93212711
Менеджер клиентского анализа (администратор-аналитик Excel)	60000-None	Нет	13.02.2024	ЭТМ, компания	https://hh.ru/vacancy/93120952
Помощник менеджера в отдел продаж	60000-None	Нет	15.02.2024	МЕДОВЫЙ ДОМ	https://hh.ru/vacancy/90883637
Координатор проекта (Внедрение CRM Битрикс24), Project-Manager без тех.части (удаленно)	50000-90000	Нет	13.02.2024	INVO Group	https://hh.ru/vacancy/93128377
Cпециалист по контекстной рекламе Junior	None	Нет	14.02.2024	AGM group	https://hh.ru/vacancy/93226416
Стажер в Управление по работе с клиентами крупного и среднего бизнеса	None	Нет	14.02.2024	СБЕР	https://hh.ru/vacancy/93235279
Торговый представитель	90000-150000	Нет	15.02.2024	Лаборатория Ремонта	https://hh.ru/vacancy/89383206
Стажер Аналитик данных (Группа аналитики данных)	None-30000	Да	12.02.2024	ЦРПТ (Центр развития перспективных технологий)	https://hh.ru/vacancy/92011187
Продакт-менеджер	None	Нет	13.02.2024	АКПК ИЛМА	https://hh.ru/vacancy/93148055
Младший аналитик данных (Группа аналитики данных)	None	Да	12.02.2024	ЦРПТ (Центр развития перспективных технологий)	https://hh.ru/vacancy/93102802
Младший ассистент в отдел торгового маркетинга и внешних коммуникаций	43000-45000	Нет	14.02.2024	TOPTOP	https://hh.ru/vacancy/93200964
Рекрутер	50000-None	Нет	14.02.2024	HR Solutions	https://hh.ru/vacancy/93235164
Ассистент консультанта	None	Нет	13.02.2024	ЛАНИТ	https://hh.ru/vacancy/93155653
Менеджер проектов в сфере автоматизации HR	110000-None	Нет	13.02.2024	Домейн	https://hh.ru/vacancy/93161739
Ведущий специалист финансового отдела	None	Нет	13.02.2024	Газпром газораспределение Ленинградская область	https://hh.ru/vacancy/93161393
Директолог	40000-60000	Нет	13.02.2024	Невские Кухни	https://hh.ru/vacancy/93154426
Финансовый менеджер-аналитик / Экономист	None	Нет	12.02.2024	КИДБУРГ	https://hh.ru/vacancy/91315783
Специалист в команду подбора персонала	None	Нет	14.02.2024	Технологии Доверия	https://hh.ru/vacancy/93192086
Практикант в Центре документационного и информационного обеспечения	None	Нет	13.02.2024	Газпром нефть	https://hh.ru/vacancy/93133814
Помощник маркетолога\контент-менеджер	45000-60000	Нет	13.02.2024	Отражение	https://hh.ru/vacancy/93147893
Продавец-кассир (Выборгское шоссе, 23)	61300-67000	Нет	16.02.2024	Бристоль, сеть магазинов	https://hh.ru/vacancy/90842540
Начинающий специалист по внедрению банковского ПО	None	Нет	12.02.2024	Diasoft	https://hh.ru/vacancy/83643947
Младший интернет-маркетолог медицинского центра	35000-None	Нет	12.02.2024	Дженерал Медикал Центр-СП	https://hh.ru/vacancy/93104564
Помощник маркетолога / ассистент (стажер-практикант)	10000-15000	Нет	12.02.2024	Nemkovich Marketing Studio	https://hh.ru/vacancy/93067886
Менеджер по продажам (Московский 71)	50000-None	Нет	14.02.2024	ГК ВЕСТ Телеком	https://hh.ru/vacancy/87682367
Продавец - кассир	63500-69000	Нет	15.02.2024	Бристоль, сеть магазинов	https://hh.ru/vacancy/83330586
Аккаунт-менеджер в интернет-агентство / Менеджер интернет-проектов	40000-None	Да	12.02.2024	Интернет-агентство ARTRIX	https://hh.ru/vacancy/93064725
Продавец - кассир Красногвардейский район	63500-69000	Нет	15.02.2024	Бристоль, сеть магазинов	https://hh.ru/vacancy/76954304
Специалист по работе с клиентами (координатор отдела продаж)	None	Нет	12.02.2024	Мастер Мир	https://hh.ru/vacancy/92088363
Региональный менеджер	150000-200000	Нет	12.02.2024	Вода	https://hh.ru/vacancy/89182927
Мерчендайзер	None-60000	Нет	13.02.2024	Продмастер	https://hh.ru/vacancy/91330298
Торговый представитель	73000-None	Нет	13.02.2024	Объединенные кондитеры	https://hh.ru/vacancy/92339878
Логист по привлеченному транспорту	100000-180000	Нет	12.02.2024	Delko	https://hh.ru/vacancy/91710378
Ассистент маркетолога-аналитика	None	Нет	09.02.2024	Евросиб	https://hh.ru/vacancy/91026468
Ведущий аналитик цифровой трансформации	110000-None	Нет	09.02.2024	СПб ГКУ Управление информационных технологий и связи	https://hh.ru/vacancy/91625634
Менеджер по продажам автозапчастей	100000-120000	Нет	12.02.2024	ШАТЕ-М ПЛЮС	https://hh.ru/vacancy/90657664
Мерчендайзер (м. Пр. Ветеранов)	None	Нет	13.02.2024	Шишкин Лес Холдинг	https://hh.ru/vacancy/93129008
Инженер-аналитик	None	Нет	08.02.2024	НТА	https://hh.ru/vacancy/92870614
Врач - аналитик (удаленно)	55000-None	Нет	08.02.2024	Медицинский центр XXI век (21 век)	https://hh.ru/vacancy/92904856
Junior-разработчик	60000-None	Нет	09.02.2024	Планетра	https://hh.ru/vacancy/92961834
Мерчендайзер	None	Нет	11.02.2024	Novabev Group	https://hh.ru/vacancy/88988623
Менеджер по закупкам (начинающий специалист)	70000-None	Нет	09.02.2024	САТУРН - строительные материалы	https://hh.ru/vacancy/89684602
Аналитик 1С IDM	150000-170000	Нет	08.02.2024	ЦИБИТ	https://hh.ru/vacancy/90267816
Hr аналитик	None	Нет	07.02.2024	Газстройпром	https://hh.ru/vacancy/88900468
Менеджер по продажам Битрикс24 (удаленно)	100000-250000	Нет	09.02.2024	INVO Group	https://hh.ru/vacancy/92965611
Интернет-маркетолог	100000-None	Нет	08.02.2024	Appwill	https://hh.ru/vacancy/92897744
Стажер Data Analyst	None	Нет	07.02.2024	СБЕР	https://hh.ru/vacancy/92841659
Офис-менеджер	45000-None	Нет	16.02.2024	Advline	https://hh.ru/vacancy/91786178
Trainee in Retail Department	None	Нет	08.02.2024	Tefal	https://hh.ru/vacancy/92906783
Менеджер по работе с блогерами (fashion), удаленно	50000-60000	Нет	09.02.2024	Стайл Бокс	https://hh.ru/vacancy/92928226
Системный аналитик (Центр разработки продуктов для физических лиц)	None	Нет	07.02.2024	Бэнкс Софт Системс	https://hh.ru/vacancy/91311203
Стажер-аналитик	None	Да	06.02.2024	Softline	https://hh.ru/vacancy/92765652
Менеджер по b2b коммуникациям	45600-60000	Нет	08.02.2024	Яндекс Команда для бизнеса	https://hh.ru/vacancy/91352515
Заместитель руководителя отдела интернет-маркетинга (в офис)	120000-None	Нет	07.02.2024	HRP	https://hh.ru/vacancy/92838562
Помощник интернет-маркетолога / Администратор сайта / SEO-специалист	40000-60000	Нет	07.02.2024	Невские Кухни	https://hh.ru/vacancy/92847594
Менеджер по работе на wildberries	20000-30000	Нет	16.02.2024	Горбаль Виталий Викторович	https://hh.ru/vacancy/93349649
Территориальный менеджер по продажам	90000-180000	Нет	15.02.2024	Лаборатория Ремонта	https://hh.ru/vacancy/89389384
Менеджер по работе с Маркетплейсами	100000-None	Нет	13.02.2024	Вода	https://hh.ru/vacancy/76276958
Специалист по закупкам	70000-86000	Нет	08.02.2024	Сервисная Компания ИНТРА	https://hh.ru/vacancy/88358399
Продавец-консультант (кавист) в винотеку VINISSIMO	60000-None	Нет	09.02.2024	Дива	https://hh.ru/vacancy/92949505
Младший менеджер по продажам/Junior sales manager (удалённо)	90000-None	Нет	06.02.2024	MPSTATS	https://hh.ru/vacancy/92743672
Специалист по межзаводской кооперации	70000-86000	Нет	08.02.2024	Сервисная Компания ИНТРА	https://hh.ru/vacancy/91540266
Помощник руководителя коммерческого отдела	60000-80000	Нет	07.02.2024	Международный Кадровый Центр	https://hh.ru/vacancy/92833040
Ресечер/ рекрутер	50000-None	Нет	07.02.2024	Самолет Плюс СПб	https://hh.ru/vacancy/91491250
Оператор колл-центра в фитнес клуб	50000-70000	Нет	08.02.2024	Mytimefitness	https://hh.ru/vacancy/91294600
Медиабайер	None	Нет	05.02.2024	ЗОРД	https://hh.ru/vacancy/92725032
User Acquisition manager (Google Ads), мобильные приложения	100000-None	Нет	05.02.2024	DevSect (ООО Гринхэт)	https://hh.ru/vacancy/92692382
Таргетолог в маркетинговое агентство	30000-None	Нет	04.02.2024	Азарова Виктория Викторовна	https://hh.ru/vacancy/92649016
Менеджер по продажам / менеджер по работе с клиентами	35500-150800	Нет	05.02.2024	Команда Ф5	https://hh.ru/vacancy/92715372
Android разработчик (Java/Kotlin)	50000-80000	Нет	06.02.2024	3snet	https://hh.ru/vacancy/92788923
Разнорабочий в Германию	266800-336000	Нет	16.02.2024	Кольман Владислав Валериевич	https://hh.ru/vacancy/92944133
Инженер по международной кооперации	None	Нет	06.02.2024	РЭС ИНЖИНИРИНГ	https://hh.ru/vacancy/92462077
Актер проекта в TikTok	30000-100000	Нет	06.02.2024	Benita Media Hub	https://hh.ru/vacancy/92741115
Продавец - кассир Фрунзенский район	63500-67000	Нет	08.02.2024	Бристоль, сеть магазинов	https://hh.ru/vacancy/86963970
Продавец-кассир (м. Площадь Ленина, Металлистов пр-кт, 77)	63500-69000	Нет	08.02.2024	Бристоль, сеть магазинов	https://hh.ru/vacancy/86138243
Продавец - кассир (ш. Петергофское, д. 45, литер. А)	61300-69000	Нет	08.02.2024	Бристоль, сеть магазинов	https://hh.ru/vacancy/92907789
Автор студенческих работ (химия)	30000-80000	Нет	05.02.2024	Студсервис	https://hh.ru/vacancy/92677471
Ассистент руководителя проектов (количественные маркетинговые исследования, социология)	45000-50000	Нет	07.02.2024	Тибурон	https://hh.ru/vacancy/92839187
Оперуполномоченный/сотрудник полиции/полицейский ГУ МВД (Санкт-Петербург, Ленинградская область)	70000-90000	Нет	02.02.2024	Центр по обеспечению безопасности лиц, подлежащих государственной защите ГУ МВД России по г. Санкт-Петербургу и Ленинградской области	https://hh.ru/vacancy/90723397
Менеджер/помощник менеджера по маркетплейсам	20000-60000	Нет	07.02.2024	ECOMSTUDIO	https://hh.ru/vacancy/92839806
Личный ассистент	10000-None	Нет	03.02.2024	Журавлева Мария Андреевна	https://hh.ru/vacancy/92629391
